data,nome,categoria,cidade,valor,forma_pagamento,canal,avaliacao
2024-10-17,Prime Auto Peças Executivo,AUTOMOTIVO,Niterói,280.2837300129705,PIX,LOJA FÍSICA,4.6
2025-08-08,Bom Consultoria De Ti Express,TECNOLOGIA,Niterói,16.188003126748512,PIX,DELIVERY,4.2
2023-12-01,Master Studio De Sobrancelhas Mais,BELEZA,Goiânia,228.2464554457188,PIX,LOJA FÍSICA,5.0
2024-05-07,Global Academia Ltda,SAUDE,Florianópolis,138.3563080584659,CARTÃO DE CRÉDITO,ONLINE,4.2
2024-03-08,Nova Loja De Informática Vip,TECNOLOGIA,Fortaleza,116.2118102456738,PIX,LOJA FÍSICA,4.2
2023-09-10,Prime Assessoria De Crédito Popular,SERVICOS,Belo Horizonte,121.9941510331127,PIX,ONLINE,5.0
2024-03-12,Alfa Academia Express,SAUDE,Manaus,186.2951806764208,PIX,LOJA FÍSICA,
2024-02-19,Ideal Clínica De Estética Premium,SAUDE,Fortaleza,300.9486266684723,CARTÃO DE DÉBITO,LOJA FÍSICA,3.6
2024-03-23,Top Boutique Popular,VAREJO,Rio de Janeiro,944.5867440505268,DINHEIRO,DELIVERY,5.0
2023-11-05,Nova Loja De Informática Vip,TECNOLOGIA,Fortaleza,287.76833351324774,PIX,DELIVERY,4.6
2026-03-15,Bom Academia Vip,SAUDE,Fortaleza,256.2540656831353,PIX,LOJA FÍSICA,4.7
2024-07-05,Ideal Clínica De Estética Premium,SAUDE,Fortaleza,265.7650017883641,CARTÃO DE CRÉDITO,ONLINE,4.4
2023-07-08,Casa Veterinária Executivo,PET,Campinas,435.3187064244884,PIX,LOJA FÍSICA,3.3
2024-05-09,Central Escritório De Arquitetura Ltda,CASA,Manaus,238.64767520450764,PIX,LOJA FÍSICA,4.0
2025-03-23,Master Oficina Mecânica Vip,AUTOMOTIVO,Vitória,164.92810426855908,PIX,DELIVERY,3.7
2025-08-10,Alfa Academia Mais,SAUDE,Manaus,576.0450661958631,PIX,DELIVERY,4.9
2023-08-27,Global Academia Ltda,SAUDE,Florianópolis,529.4755685373406,PIX,ONLINE,4.6
2023-10-04,Real Reforço Escolar Ltda,EDUCACAO,Rio de Janeiro,283.72289744292385,PIX,ONLINE,4.1
2026-04-01,Global Banho & Tosa Vip,PET,Vitória,58.668130645379925,CARTÃO DE DÉBITO,ONLINE,3.7
2023-11-04,Doce Pinturas Me,CASA,São Paulo,43.04153157766762,DINHEIRO,LOJA FÍSICA,4.5
2024-10-20,Ideal Imobiliária Express,CASA,Vitória,165.6037942403637,PIX,LOJA FÍSICA,4.7
2023-12-20,Master Imobiliária Ltda,CASA,Fortaleza,908.0539873526174,PIX,LOJA FÍSICA,4.6
2025-11-20,Ideal Clínica De Estética Premium,SAUDE,Fortaleza,92.4091094119311,DINHEIRO,DELIVERY,3.7
2024-09-21,Master Academia Vip,SAUDE,Recife,216.1963123325193,CARTÃO DE CRÉDITO,LOJA FÍSICA,4.4
2025-01-09,Master Imobiliária Ltda,CASA,Fortaleza,108.31302592610773,CARTÃO DE DÉBITO,LOJA FÍSICA,2.9
2023-05-02,Prime Loja De Informática Popular,TECNOLOGIA,Vitória,141.05582043412056,CARTÃO DE DÉBITO,LOJA FÍSICA,3.9
2023-02-11,Master Salão De Beleza Premium,BELEZA,Vitória,80.31909257899518,PIX,DELIVERY,4.6
2023-09-07,Real Salão De Beleza Mais,BELEZA,Vitória,542.3462473980151,CARTÃO DE CRÉDITO,DELIVERY,4.6
2025-05-04,Ideal Academia Vip,SAUDE,Salvador,170.37852641079226,CARTÃO DE DÉBITO,LOJA FÍSICA,3.3
2025-11-22,Ideal Academia Vip,SAUDE,Salvador,159.3057082712254,PIX,ONLINE,3.6
2024-09-16,Nova Oficina Mecânica Express,AUTOMOTIVO,Vitória,98.8505544012309,CARTÃO DE CRÉDITO,ONLINE,3.9
2023-10-08,Global Pizzaria Premium,RESTAURANTES,Curitiba,246.52733504872288,PIX,ONLINE,4.9
2023-05-14,Bom Consultoria De Ti Express,TECNOLOGIA,Niterói,131.97490145902444,CARTÃO DE CRÉDITO,ONLINE,3.6
2025-04-02,Top Imobiliária Mais,CASA,Goiânia,103.81351304379832,PIX,ONLINE,4.4
2024-11-02,Ideal Contabilidade Premium,SERVICOS,Curitiba,72.97833964808333,BOLETO,LOJA FÍSICA,4.2
2024-02-08,Global Academia Ltda,SAUDE,Florianópolis,131.75516727754436,PIX,DELIVERY,
2025-01-12,Nova Consultoria De Ti Express,TECNOLOGIA,Fortaleza,55.14171867966071,CARTÃO DE CRÉDITO,LOJA FÍSICA,4.9
2026-06-16,Ideal Academia Vip,SAUDE,Salvador,221.3725332364393,CARTÃO DE DÉBITO,LOJA FÍSICA,4.3
2023-11-04,Bom Desenvolvimento Web Ltda,TECNOLOGIA,São Paulo,81.06141189192532,DINHEIRO,LOJA FÍSICA,3.6
2023-06-25,Bom Desenvolvimento Web Mais,TECNOLOGIA,Vitória,409.4142995527836,CARTÃO DE CRÉDITO,DELIVERY,4.4
2023-06-07,Nova Banho & Tosa Ltda,PET,São Paulo,227.09105466208104,PIX,ONLINE,4.0
2023-09-20,Central Academia Me,SAUDE,Vitória,378.50384179552685,PIX,ONLINE,4.5
2026-05-23,Casa Salão De Beleza Vip,BELEZA,Recife,257.7775809203817,CARTÃO DE DÉBITO,ONLINE,5.0
2025-11-11,Real Banho & Tosa Premium,PET,Salvador,134.75119786047222,DINHEIRO,DELIVERY,4.6
2024-03-06,Alfa Loja De Informática Vip,TECNOLOGIA,São Paulo,183.18726340124277,DINHEIRO,DELIVERY,4.4
2024-08-11,Real Salão De Beleza Mais,BELEZA,Vitória,31.342975207938792,PIX,LOJA FÍSICA,4.2
2026-01-19,Bom Curso Técnico Mais,EDUCACAO,Goiânia,47.78442144417905,CARTÃO DE DÉBITO,LOJA FÍSICA,2.8
2026-04-15,Global Academia Ltda,SAUDE,Vitória,150.8761246046346,PIX,LOJA FÍSICA,4.6
2025-04-23,Alfa Loja De Informática Vip,TECNOLOGIA,São Paulo,47.109674761510455,PIX,ONLINE,4.6
2024-12-01,Central Pinturas Premium,CASA,Recife,77.64942989220877,CARTÃO DE DÉBITO,LOJA FÍSICA,4.1
2023-10-06,Casa Veterinária Ltda,PET,Niterói,216.2491522569061,PIX,LOJA FÍSICA,3.9
2024-11-07,Real Banho & Tosa Premium,PET,Salvador,535.0953890319977,CARTÃO DE CRÉDITO,ONLINE,3.9
2025-08-20,Global Padaria Express,RESTAURANTES,São Paulo,137.24739344278626,CARTÃO DE CRÉDITO,LOJA FÍSICA,5.0
2023-03-10,Nova Banho & Tosa Executivo,PET,Manaus,89.5195748425131,DINHEIRO,LOJA FÍSICA,3.8
2026-02-20,Master Imobiliária Ltda,CASA,Fortaleza,182.1962385978066,CARTÃO DE DÉBITO,DELIVERY,
2024-11-11,Ideal Escritório De Arquitetura Vip,CASA,São Paulo,100.45893102486906,CARTÃO DE CRÉDITO,LOJA FÍSICA,3.6
2025-04-22,Casa Barbearia Mais,BELEZA,Vitória,194.7279505048689,PIX,LOJA FÍSICA,3.6
2023-12-02,Top Auto Peças Me,AUTOMOTIVO,Florianópolis,33.68001986155883,BOLETO,DELIVERY,3.4
2023-03-07,Global Pizzaria Mais,RESTAURANTES,Recife,208.96085444149625,PIX,DELIVERY,4.6
2023-09-11,Real Desenvolvimento Web Vip,TECNOLOGIA,Vitória,170.54528076408872,PIX,ONLINE,4.4
2023-10-19,Central Escritório De Arquitetura Ltda,CASA,Manaus,92.79910701014796,CARTÃO DE CRÉDITO,LOJA FÍSICA,4.1
2023-09-13,Real Pet Shop Me,PET,Porto Alegre,222.9561348472395,CARTÃO DE DÉBITO,LOJA FÍSICA,3.7
2026-03-20,Ideal Restaurante Vip,RESTAURANTES,Brasília,291.1498476361744,CARTÃO DE DÉBITO,ONLINE,5.0
2024-02-15,Central Escritório De Arquitetura Ltda,CASA,Goiânia,257.60419652019374,PIX,LOJA FÍSICA,3.7
2024-12-17,Ideal Restaurante Vip,RESTAURANTES,Rio de Janeiro,290.12817605081926,PIX,LOJA FÍSICA,4.0
2023-10-26,Casa Salão De Beleza Vip,BELEZA,Recife,227.17183354515305,PIX,LOJA FÍSICA,3.2
2025-05-05,Alfa Hamburgueria Mais,RESTAURANTES,Campinas,504.566466179109,CARTÃO DE CRÉDITO,ONLINE,3.8
2023-06-10,Alfa Academia Mais,SAUDE,Manaus,53.59964864437558,PIX,ONLINE,5.0
2023-10-18,Real Desenvolvimento Web Vip,TECNOLOGIA,Vitória,77.75158472928875,PIX,ONLINE,5.0
2024-01-07,Casa Salão De Beleza Vip,BELEZA,Recife,93.71603187139652,PIX,ONLINE,3.4
2025-04-04,Doce Pinturas Me,CASA,São Paulo,145.98038809096366,PIX,LOJA FÍSICA,4.8
2025-12-19,Top Boutique Popular,VAREJO,Rio de Janeiro,168.43310352879504,PIX,LOJA FÍSICA,4.1
2023-12-16,Doce Farmácia Express,VAREJO,Porto Alegre,173.70562898703682,DINHEIRO,DELIVERY,4.5
2024-02-11,Top Lava-Rápido Premium,AUTOMOTIVO,Curitiba,559.7185283867362,PIX,LOJA FÍSICA,
2025-08-07,Central Auto Peças Premium,AUTOMOTIVO,Campinas,305.65087626033744,CARTÃO DE DÉBITO,ONLINE,3.4
2025-04-21,Real Pinturas Me,CASA,Goiânia,146.16,CARTÃO DE DÉBITO,DELIVERY,5.0
2025-08-24,Ideal Imobiliária Express,CASA,Vitória,87.02852797968004,PIX,DELIVERY,3.9
2024-12-07,Ideal Clínica De Estética Premium,SAUDE,Fortaleza,130.69665389772126,DINHEIRO,DELIVERY,3.9
2025-09-25,Top Boutique Popular,VAREJO,Rio de Janeiro,225.0158186666866,BOLETO,DELIVERY,4.6
2024-01-16,Central Pinturas Premium,CASA,Recife,124.1267557332607,CARTÃO DE DÉBITO,LOJA FÍSICA,4.3
2025-09-10,Casa Salão De Beleza Vip,BELEZA,Recife,670.2445480112381,PIX,LOJA FÍSICA,5.0
2024-09-07,Bom Boutique Ltda,VAREJO,Salvador,176.50838176290097,PIX,LOJA FÍSICA,4.6
2025-06-17,Bom Contabilidade Me,SERVICOS,Florianópolis,167.86200582349372,PIX,LOJA FÍSICA,4.5
2023-12-10,Prime Padaria Executivo,RESTAURANTES,Recife,526.9863686938631,CARTÃO DE CRÉDITO,DELIVERY,5.0
2024-03-15,Bom Desenvolvimento Web Mais,TECNOLOGIA,Vitória,207.9622412720973,DINHEIRO,LOJA FÍSICA,
2024-03-19,Bom Consultoria De Ti Express,TECNOLOGIA,Niterói,103.72344930584316,CARTÃO DE CRÉDITO,LOJA FÍSICA,4.6
2023-04-18,Global Escritório De Arquitetura Popular,CASA,Recife,126.05034865178328,CARTÃO DE CRÉDITO,DELIVERY,4.1
2025-12-19,Bom Auto Peças Vip,AUTOMOTIVO,Recife,507.35374062157376,CARTÃO DE DÉBITO,LOJA FÍSICA,4.1
2026-02-26,Central Studio De Sobrancelhas Vip,BELEZA,Florianópolis,259.546256070999,CARTÃO DE DÉBITO,LOJA FÍSICA,5.0
2024-11-14,Top Padaria Popular,RESTAURANTES,Brasília,334.0652344882122,PIX,LOJA FÍSICA,4.4
2023-11-18,Alfa Academia Express,SAUDE,Manaus,454.6366833428126,CARTÃO DE DÉBITO,LOJA FÍSICA,4.8
2025-05-18,Ideal Clínica De Estética Premium,SAUDE,Fortaleza,88.56939444675422,CARTÃO DE DÉBITO,LOJA FÍSICA,3.9
2025-12-17,Top Boutique Popular,VAREJO,Rio de Janeiro,114.64387087353909,BOLETO,DELIVERY,4.4
2023-11-27,Top Lava-Rápido Premium,AUTOMOTIVO,Curitiba,74.30518049656563,PIX,LOJA FÍSICA,5.0
2023-02-02,Ideal Oficina Mecânica Vip,AUTOMOTIVO,Goiânia,46.57650860404463,DINHEIRO,LOJA FÍSICA,4.5
2025-05-17,Nova Banho & Tosa Executivo,PET,Manaus,240.1877734547872,CARTÃO DE CRÉDITO,LOJA FÍSICA,4.5
2025-02-09,Ideal Clínica De Estética Premium,SAUDE,Fortaleza,233.49113423887772,DINHEIRO,ONLINE,4.5
2024-02-18,Real Banho & Tosa Premium,PET,Salvador,228.18711139875143,CARTÃO DE DÉBITO,ONLINE,4.5
2025-11-26,Ideal Restaurante Vip,RESTAURANTES,Brasília,234.72881077082084,PIX,LOJA FÍSICA,3.9
2026-05-08,Real Academia Mais,SAUDE,Goiânia,78.52751280544257,PIX,LOJA FÍSICA,4.6
2024-01-27,Real Salão De Beleza Vip,BELEZA,Vitória,165.89661713881074,CARTÃO DE CRÉDITO,LOJA FÍSICA,5.0
2025-01-27,Casa Veterinária Ltda,PET,Niterói,510.91809033480905,CARTÃO DE DÉBITO,DELIVERY,4.3
2026-02-14,Prime Auto Peças Executivo,AUTOMOTIVO,Niterói,83.06921777955947,PIX,ONLINE,3.9
2025-02-25,Global Clínica De Estética Premium,SAUDE,Belo Horizonte,58.41905101094222,CARTÃO DE DÉBITO,LOJA FÍSICA,4.5
2024-07-16,Alfa Escritório De Arquitetura Mais,CASA,Rio de Janeiro,194.46633451391568,CARTÃO DE CRÉDITO,ONLINE,4.1
2023-11-18,Global Academia Ltda,SAUDE,Vitória,590.7993521618387,PIX,LOJA FÍSICA,4.8
2024-08-21,Prime Auto Peças Executivo,AUTOMOTIVO,Niterói,217.3221646443266,PIX,LOJA FÍSICA,4.7
2026-04-13,Alfa Loja De Informática Vip,TECNOLOGIA,São Paulo,271.70981946611124,PIX,LOJA FÍSICA,4.6
2025-02-06,Prime Imobiliária Ltda,CASA,Rio de Janeiro,204.62662624917496,CARTÃO DE CRÉDITO,DELIVERY,3.8
2025-01-15,Global Pizzaria Premium,RESTAURANTES,Curitiba,76.27302294495873,DINHEIRO,LOJA FÍSICA,5.0
2024-03-18,Real Pet Shop Me,PET,Porto Alegre,80.59131388060206,PIX,DELIVERY,4.4
2026-04-26,Casa Desenvolvimento Web Executivo,TECNOLOGIA,Salvador,100.26024382841848,DINHEIRO,DELIVERY,5.0
2023-12-23,Global Escritório De Arquitetura Popular,CASA,Recife,124.18236358188852,CARTÃO DE DÉBITO,LOJA FÍSICA,5.0
2023-02-15,Nova Banho & Tosa Executivo,PET,Manaus,366.1765950179445,CARTÃO DE CRÉDITO,ONLINE,4.6
2025-10-10,Real Pet Shop Mais,PET,Recife,193.9283497199016,PIX,ONLINE,4.3
2025-11-07,Ideal Pizzaria Ltda,RESTAURANTES,Porto Alegre,128.3030872112621,PIX,DELIVERY,3.7
2025-12-13,Top Padaria Popular,RESTAURANTES,Brasília,46.60236194513463,PIX,ONLINE,3.9
2023-04-14,Doce Banho & Tosa Premium,PET,Brasília,190.23530641141195,PIX,LOJA FÍSICA,4.2
2023-10-26,Casa Consultoria Financeira Mais,SERVICOS,Curitiba,91.22960019634282,PIX,DELIVERY,2.6
2023-03-14,Global Pinturas Ltda,CASA,Campinas,93.7242049394152,CARTÃO DE DÉBITO,LOJA FÍSICA,3.7
2024-09-24,Real Salão De Beleza Vip,BELEZA,Vitória,176.73510185746886,PIX,DELIVERY,3.4
2026-02-20,Alfa Padaria Premium,RESTAURANTES,Porto Alegre,41.02376628251725,PIX,LOJA FÍSICA,4.7
2026-01-18,Global Pizzaria Mais,RESTAURANTES,Recife,903.810618153472,DINHEIRO,LOJA FÍSICA,3.9
2023-08-15,Global Academia Ltda,SAUDE,Florianópolis,422.9466586447555,CARTÃO DE DÉBITO,LOJA FÍSICA,4.5
2025-12-21,Top Escola De Idiomas Vip,EDUCACAO,São Paulo,311.8983494614334,PIX,DELIVERY,4.2
2025-01-19,Prime Auto Peças Vip,AUTOMOTIVO,Campinas,94.6273841221059,PIX,DELIVERY,4.5
2023-09-20,Ideal Restaurante Vip,RESTAURANTES,Brasília,143.29315164299788,CARTÃO DE CRÉDITO,LOJA FÍSICA,3.9
2026-04-19,Nova Consultoria De Ti Express,TECNOLOGIA,Fortaleza,68.30769468392226,CARTÃO DE CRÉDITO,LOJA FÍSICA,3.3
2025-08-24,Global Escritório De Arquitetura Popular,CASA,Recife,92.09241965242236,CARTÃO DE DÉBITO,ONLINE,4.5
2025-09-06,Casa Barbearia Mais,BELEZA,Vitória,399.4293088393916,PIX,LOJA FÍSICA,3.8
2023-12-13,Casa Consultoria Financeira Mais,SERVICOS,Curitiba,141.01801666586832,DINHEIRO,LOJA FÍSICA,4.2
2024-11-24,Top Padaria Popular,RESTAURANTES,Brasília,96.25646481816548,PIX,DELIVERY,2.8
2025-07-27,Ideal Clínica De Estética Premium,SAUDE,Fortaleza,90.79672889293111,PIX,LOJA FÍSICA,4.4
2024-06-11,Nova Pinturas Premium,CASA,Recife,426.95001243115513,PIX,ONLINE,4.3
2025-12-04,Doce Banho & Tosa Premium,PET,Porto Alegre,311.686183555032,DINHEIRO,LOJA FÍSICA,3.1
2023-09-09,Prime Assessoria De Crédito Popular,SERVICOS,Belo Horizonte,92.44476554171868,DINHEIRO,ONLINE,3.7
2026-06-15,Ideal Oficina Mecânica Vip,AUTOMOTIVO,Goiânia,103.90918442883893,CARTÃO DE CRÉDITO,DELIVERY,4.0
2025-02-19,Real Lava-Rápido Premium,AUTOMOTIVO,Campinas,387.76753285461547,PIX,ONLINE,4.4
2026-02-26,Central Escritório De Arquitetura Ltda,CASA,Manaus,167.6422442476803,DINHEIRO,LOJA FÍSICA,4.0
2025-05-02,Nova Clínica De Estética Mais,SAUDE,Manaus,53.9523118308612,PIX,LOJA FÍSICA,3.7
2025-06-01,Real Desenvolvimento Web Vip,TECNOLOGIA,Vitória,149.36360571636996,PIX,LOJA FÍSICA,4.2
2024-10-05,Top Auto Peças Me,AUTOMOTIVO,Florianópolis,163.22,CARTÃO DE CRÉDITO,LOJA FÍSICA,4.5
2024-09-02,Central Escritório De Arquitetura Ltda,CASA,Manaus,71.04246608167931,CARTÃO DE DÉBITO,DELIVERY,4.6
2024-08-11,Alfa Hamburgueria Mais,RESTAURANTES,Campinas,93.9902693506647,CARTÃO DE DÉBITO,LOJA FÍSICA,3.9
2025-10-12,Real Lava-Rápido Premium,AUTOMOTIVO,Campinas,200.7308026553584,PIX,LOJA FÍSICA,4.9
2025-05-16,Nova Banho & Tosa Executivo,PET,Manaus,337.81376964648376,PIX,ONLINE,3.8
2024-08-11,Global Academia Ltda,SAUDE,Vitória,52.712180454309305,CARTÃO DE CRÉDITO,ONLINE,4.7
2023-05-16,Real Studio De Pilates Executivo,SAUDE,Fortaleza,324.40397599502614,PIX,LOJA FÍSICA,5.0
2025-10-12,Alfa Academia Mais,SAUDE,Manaus,217.04811554462643,PIX,ONLINE,4.7
2024-04-09,Master Imobiliária Ltda,CASA,Fortaleza,154.8301974103578,PIX,LOJA FÍSICA,3.8
2023-11-20,Top Escola De Idiomas Vip,EDUCACAO,São Paulo,236.173768810504,PIX,LOJA FÍSICA,3.2
2023-07-03,Bom Desenvolvimento Web Mais,TECNOLOGIA,Vitória,66.65428050106492,DINHEIRO,ONLINE,4.1
2026-06-15,Casa Veterinária Executivo,PET,Campinas,50.18967053019366,BOLETO,ONLINE,4.5
2025-02-25,Bom Curso Técnico Mais,EDUCACAO,Goiânia,43.76218221688306,PIX,LOJA FÍSICA,5.0
2024-04-21,Ideal Clínica De Estética Premium,SAUDE,Fortaleza,314.8719606093391,PIX,LOJA FÍSICA,4.1
2025-07-06,Top Boutique Popular,VAREJO,Rio de Janeiro,161.21568543936337,PIX,LOJA FÍSICA,4.0
2026-04-18,Real Barbearia Vip,BELEZA,Belo Horizonte,90.7032816870216,PIX,LOJA FÍSICA,5.0
2024-11-03,Real Curso Técnico Ltda,EDUCACAO,Goiânia,278.9798099110929,CARTÃO DE CRÉDITO,DELIVERY,4.8
2025-11-23,Global Pinturas Ltda,CASA,Campinas,96.45468047611983,PIX,LOJA FÍSICA,4.0
2023-08-19,Global Academia Ltda,SAUDE,Vitória,209.3114555263108,PIX,DELIVERY,4.4
2024-10-03,Casa Consultoria Financeira Mais,SERVICOS,Curitiba,676.0488995606281,DINHEIRO,ONLINE,4.5
2024-11-19,Central Pinturas Premium,CASA,Recife,80.06689106024663,CARTÃO DE CRÉDITO,ONLINE,
2025-08-07,Casa Consultoria De Ti Vip,TECNOLOGIA,Florianópolis,94.8922845767096,CARTÃO DE DÉBITO,ONLINE,3.8
2024-01-22,Bom Auto Peças Vip,AUTOMOTIVO,Recife,279.1307742654882,PIX,LOJA FÍSICA,4.3
2024-11-21,Ideal Imobiliária Express,CASA,Vitória,93.7137861034112,CARTÃO DE CRÉDITO,DELIVERY,4.3
2024-12-23,Prime Padaria Executivo,RESTAURANTES,Recife,107.60252008214088,CARTÃO DE CRÉDITO,LOJA FÍSICA,4.8
2023-09-24,Bom Desenvolvimento Web Mais,TECNOLOGIA,Vitória,298.1355739830256,PIX,DELIVERY,3.8
2024-08-21,Alfa Escritório De Arquitetura Mais,CASA,Rio de Janeiro,145.1326699491075,PIX,DELIVERY,4.8
2025-04-20,Doce Banho & Tosa Premium,PET,Porto Alegre,129.99763494748655,DINHEIRO,ONLINE,4.4
2025-10-26,Ideal Imobiliária Express,CASA,Vitória,245.75182950485305,PIX,LOJA FÍSICA,4.2
2023-11-03,Ideal Pizzaria Ltda,RESTAURANTES,Porto Alegre,92.61321355964526,CARTÃO DE CRÉDITO,DELIVERY,3.6
2024-03-05,Nova Farmácia Ltda,VAREJO,Belo Horizonte,386.1478217652231,CARTÃO DE DÉBITO,DELIVERY,4.0
2026-04-05,Real Studio De Pilates Executivo,SAUDE,Fortaleza,625.1583865213851,PIX,DELIVERY,4.8
2026-01-11,Alfa Hamburgueria Mais,RESTAURANTES,Campinas,489.6421747560404,CARTÃO DE CRÉDITO,LOJA FÍSICA,
2024-06-22,Central Auto Peças Premium,AUTOMOTIVO,Campinas,101.78308932250388,DINHEIRO,DELIVERY,3.6
2025-08-11,Top Lava-Rápido Premium,AUTOMOTIVO,Curitiba,180.692490571842,CARTÃO DE CRÉDITO,DELIVERY,3.6
2023-07-16,Alfa Loja De Informática Vip,TECNOLOGIA,São Paulo,159.75217288944046,PIX,LOJA FÍSICA,3.4
2023-09-24,Global Desenvolvimento Web Executivo,TECNOLOGIA,Campinas,85.33651890401181,PIX,LOJA FÍSICA,4.8
2024-02-24,Alfa Loja De Informática Vip,TECNOLOGIA,São Paulo,72.66152871372988,BOLETO,LOJA FÍSICA,3.9
2025-08-24,Central Escritório De Arquitetura Ltda,CASA,Goiânia,166.65527509095787,BOLETO,ONLINE,
2025-08-07,Real Reforço Escolar Ltda,EDUCACAO,Rio de Janeiro,51.5463455941914,PIX,DELIVERY,4.9
2024-09-09,Casa Escola De Idiomas Me,EDUCACAO,Salvador,311.07430092335505,CARTÃO DE CRÉDITO,DELIVERY,2.8
2023-12-11,Doce Pinturas Me,CASA,São Paulo,167.62303031965843,PIX,DELIVERY,4.6
2023-02-19,Nova Consultoria De Ti Express,TECNOLOGIA,Fortaleza,231.31572556240525,DINHEIRO,LOJA FÍSICA,4.4
2026-03-01,Nova Consultoria De Ti Express,TECNOLOGIA,Fortaleza,251.1344325749737,PIX,ONLINE,4.4
2024-11-12,Nova Lava-Rápido Express,AUTOMOTIVO,Brasília,104.13082339549015,PIX,LOJA FÍSICA,
2023-09-23,Real Pet Shop Mais,PET,Recife,324.4462472814232,CARTÃO DE CRÉDITO,LOJA FÍSICA,3.3
2024-02-16,Real Barbearia Vip,BELEZA,Belo Horizonte,63.49231958098774,PIX,ONLINE,5.0
2023-02-21,Bom Curso Técnico Mais,EDUCACAO,Goiânia,102.1921752172214,BOLETO,ONLINE,4.5
2024-09-03,Central Pinturas Premium,CASA,Recife,130.3311599533172,PIX,LOJA FÍSICA,4.5
2025-04-20,Real Salão De Beleza Vip,BELEZA,Vitória,146.1282979502276,CARTÃO DE CRÉDITO,DELIVERY,4.8
2024-08-17,Top Boutique Popular,VAREJO,Rio de Janeiro,256.055194907558,PIX,LOJA FÍSICA,3.8
2025-07-03,Central Escritório De Arquitetura Ltda,CASA,Manaus,128.76541063603972,CARTÃO DE DÉBITO,LOJA FÍSICA,4.7
2025-10-11,Nova Clínica De Estética Mais,SAUDE,Manaus,656.5004558441259,DINHEIRO,LOJA FÍSICA,3.9
2024-12-06,Casa Consultoria De Ti Vip,TECNOLOGIA,Florianópolis,166.4883682435883,PIX,LOJA FÍSICA,4.3
2025-06-07,Top Barbearia Vip,BELEZA,Manaus,133.2693480049234,PIX,LOJA FÍSICA,4.2
2025-06-23,Real Pet Shop Mais,PET,Recife,91.1,PIX,ONLINE,2.8
2026-02-10,Ideal Academia Vip,SAUDE,Salvador,256.7790702294312,PIX,LOJA FÍSICA,3.6
2025-12-27,Real Salão De Beleza Vip,BELEZA,Vitória,159.86439791382338,CARTÃO DE DÉBITO,DELIVERY,3.2
2026-05-27,Central Studio De Sobrancelhas Vip,BELEZA,Florianópolis,76.65472424913744,PIX,LOJA FÍSICA,4.2
2024-03-01,Master Farmácia Express,VAREJO,Curitiba,302.3624526492018,CARTÃO DE CRÉDITO,LOJA FÍSICA,3.5
2025-03-23,Casa Barbearia Mais,BELEZA,Vitória,329.9802339512105,BOLETO,DELIVERY,4.6
2025-03-25,Real Reforço Escolar Ltda,EDUCACAO,Rio de Janeiro,182.2252802740876,PIX,ONLINE,4.2
2024-12-14,Casa Veterinária Ltda,PET,Niterói,55.51928546154519,PIX,LOJA FÍSICA,4.3
2023-10-13,Nova Clínica De Estética Mais,SAUDE,Manaus,124.53556104355978,CARTÃO DE CRÉDITO,LOJA FÍSICA,5.0
2024-05-24,Alfa Loja De Informática Ltda,TECNOLOGIA,Brasília,158.5229191137156,DINHEIRO,ONLINE,1.6
2023-05-07,Ideal Academia Vip,SAUDE,Salvador,103.28495761654322,BOLETO,ONLINE,3.5
2023-08-18,Real Lava-Rápido Premium,AUTOMOTIVO,Campinas,201.77593570772677,CARTÃO DE CRÉDITO,LOJA FÍSICA,4.8
2023-08-04,Ideal Restaurante Vip,RESTAURANTES,Rio de Janeiro,70.15184996633862,CARTÃO DE CRÉDITO,ONLINE,4.9
2023-12-10,Real Salão De Beleza Vip,BELEZA,Vitória,144.17908594970376,DINHEIRO,ONLINE,3.8
2023-10-27,Casa Escola De Idiomas Me,EDUCACAO,Salvador,95.05432698904598,PIX,LOJA FÍSICA,3.8
2023-09-01,Alfa Loja De Informática Vip,TECNOLOGIA,São Paulo,266.49538007846263,CARTÃO DE DÉBITO,DELIVERY,4.6
2023-12-23,Alfa Hamburgueria Mais,RESTAURANTES,Campinas,325.8100072342035,DINHEIRO,LOJA FÍSICA,3.8
2023-07-16,Casa Veterinária Ltda,PET,Niterói,208.94452675438407,BOLETO,ONLINE,5.0
2023-07-02,Global Pizzaria Mais,RESTAURANTES,Recife,201.37165312529984,PIX,DELIVERY,2.8
2023-03-13,Master Academia Vip,SAUDE,Recife,116.43709959131655,PIX,ONLINE,4.0
2026-04-10,Ideal Clínica De Estética Premium,SAUDE,Fortaleza,83.39141787782013,PIX,LOJA FÍSICA,3.5
2024-10-04,Global Academia Ltda,SAUDE,Florianópolis,416.0908616115244,DINHEIRO,LOJA FÍSICA,4.4
2024-04-06,Global Padaria Express,RESTAURANTES,São Paulo,563.5723154680095,CARTÃO DE CRÉDITO,ONLINE,3.9
2026-06-09,Central Academia Me,SAUDE,Vitória,51.37404256387629,PIX,ONLINE,2.7
2023-10-19,Real Lava-Rápido Premium,AUTOMOTIVO,Campinas,107.9604600288206,CARTÃO DE DÉBITO,DELIVERY,3.9
2025-03-05,Ideal Restaurante Vip,RESTAURANTES,Brasília,66.42174111361095,PIX,LOJA FÍSICA,4.3
2025-08-10,Casa Escola De Idiomas Me,EDUCACAO,Salvador,162.89842068254697,CARTÃO DE CRÉDITO,LOJA FÍSICA,4.8
2025-10-09,Top Padaria Popular,RESTAURANTES,Brasília,504.7260282958269,PIX,ONLINE,
2024-03-15,Real Lava-Rápido Premium,AUTOMOTIVO,Campinas,120.83935271403756,PIX,ONLINE,4.7
2025-07-09,Prime Auto Peças Executivo,AUTOMOTIVO,Niterói,200.19893003269192,PIX,ONLINE,5.0
2023-04-16,Prime Auto Peças Executivo,AUTOMOTIVO,Niterói,381.9799164075593,PIX,LOJA FÍSICA,5.0
2023-12-18,Real Pet Shop Mais,PET,Recife,321.3030531027616,CARTÃO DE DÉBITO,ONLINE,3.9
2024-02-09,Real Pet Shop Me,PET,Porto Alegre,436.0070738793177,PIX,DELIVERY,2.8
2025-11-27,Doce Pinturas Me,CASA,São Paulo,157.02033113458955,PIX,DELIVERY,5.0
2025-06-10,Doce Banho & Tosa Premium,PET,Brasília,50.20627602230392,CARTÃO DE CRÉDITO,LOJA FÍSICA,3.7
2025-11-27,Top Escola De Idiomas Vip,EDUCACAO,São Paulo,59.93323134273372,CARTÃO DE DÉBITO,LOJA FÍSICA,3.8
2025-10-03,Global Academia Ltda,SAUDE,Vitória,46.06677112832183,PIX,LOJA FÍSICA,4.9
2025-11-11,Nova Farmácia Ltda,VAREJO,Belo Horizonte,62.83407841795011,PIX,LOJA FÍSICA,3.4
2024-10-06,Global Pinturas Ltda,CASA,Campinas,237.1444254381393,CARTÃO DE CRÉDITO,LOJA FÍSICA,4.2
2023-11-16,Master Academia Vip,SAUDE,Recife,988.816605099682,PIX,LOJA FÍSICA,4.0
2024-11-08,Nova Banho & Tosa Ltda,PET,São Paulo,129.75252078034208,PIX,LOJA FÍSICA,5.0
2026-01-13,Nova Banho & Tosa Ltda,PET,São Paulo,528.4239199509352,CARTÃO DE CRÉDITO,LOJA FÍSICA,4.5
2024-04-23,Real Academia Mais,SAUDE,Goiânia,69.6728372232472,PIX,LOJA FÍSICA,4.6
2026-04-06,Prime Imobiliária Ltda,CASA,Rio de Janeiro,55.13,PIX,LOJA FÍSICA,4.1
2023-04-14,Prime Padaria Executivo,RESTAURANTES,Recife,134.9923193568386,PIX,ONLINE,5.0
2023-02-17,Ideal Restaurante Vip,RESTAURANTES,Rio de Janeiro,334.6162368349346,CARTÃO DE CRÉDITO,LOJA FÍSICA,5.0
2023-03-25,Real Academia Mais,SAUDE,Goiânia,161.32885130830903,PIX,DELIVERY,4.5
2026-01-05,Global Academia Ltda,SAUDE,Florianópolis,94.17032981778031,DINHEIRO,LOJA FÍSICA,3.9
2023-12-24,Real Hamburgueria Premium,RESTAURANTES,Vitória,249.96272179468377,CARTÃO DE CRÉDITO,LOJA FÍSICA,4.1
2024-09-22,Ideal Academia Me,SAUDE,São Paulo,148.8146228843513,PIX,LOJA FÍSICA,3.7
2024-05-05,Prime Loja De Informática Popular,TECNOLOGIA,Vitória,267.94606763861503,CARTÃO DE DÉBITO,LOJA FÍSICA,4.2
2023-09-05,Prime Auto Peças Executivo,AUTOMOTIVO,Niterói,370.0535525834002,PIX,DELIVERY,4.9
2024-05-11,Master Imobiliária Ltda,CASA,Fortaleza,200.24489399349676,CARTÃO DE CRÉDITO,LOJA FÍSICA,4.1
2025-12-06,Bom Contabilidade Me,SERVICOS,Florianópolis,512.1925585057592,CARTÃO DE DÉBITO,DELIVERY,3.4
2023-09-20,Ideal Escritório De Arquitetura Vip,CASA,São Paulo,256.90938910050426,CARTÃO DE DÉBITO,LOJA FÍSICA,3.9
2026-04-15,Top Lava-Rápido Premium,AUTOMOTIVO,Curitiba,268.7086361366162,CARTÃO DE CRÉDITO,LOJA FÍSICA,4.1
2024-02-16,Real Lava-Rápido Premium,AUTOMOTIVO,Campinas,768.6475863176895,DINHEIRO,DELIVERY,5.0
2023-06-17,Nova Clínica De Estética Mais,SAUDE,Manaus,270.04387563944863,CARTÃO DE CRÉDITO,ONLINE,4.0
2024-12-11,Master Contabilidade Executivo,SERVICOS,São Paulo,254.9239751106544,DINHEIRO,DELIVERY,5.0
2024-06-14,Prime Mercado Popular,VAREJO,São Paulo,159.44305745719524,CARTÃO DE DÉBITO,LOJA FÍSICA,3.2
2025-01-26,Ideal Imobiliária Express,CASA,Vitória,182.6687418405037,CARTÃO DE CRÉDITO,LOJA FÍSICA,4.5
2023-07-20,Global Academia Ltda,SAUDE,Vitória,60.225560044614255,DINHEIRO,LOJA FÍSICA,4.2
2024-11-15,Master Oficina Mecânica Vip,AUTOMOTIVO,Vitória,132.2628342535658,CARTÃO DE DÉBITO,DELIVERY,4.6
2024-03-07,Casa Veterinária Ltda,PET,Niterói,141.5925121326296,PIX,LOJA FÍSICA,4.5
2023-09-22,Ideal Veterinária Executivo,PET,Recife,102.89109143564768,CARTÃO DE CRÉDITO,LOJA FÍSICA,4.6
2024-06-02,Prime Mercado Popular,VAREJO,São Paulo,152.68855041175863,PIX,ONLINE,3.4
2026-05-03,Global Escritório De Arquitetura Popular,CASA,Recife,37.39296497281728,PIX,LOJA FÍSICA,2.9
2024-09-23,Prime Assessoria De Crédito Popular,SERVICOS,Belo Horizonte,91.68177415687197,DINHEIRO,LOJA FÍSICA,3.9
2024-02-04,Ideal Restaurante Vip,RESTAURANTES,Brasília,376.83,CARTÃO DE DÉBITO,DELIVERY,4.6
2023-09-01,Prime Auto Peças Executivo,AUTOMOTIVO,Niterói,198.026176148695,PIX,LOJA FÍSICA,3.1
2024-10-27,Real Hamburgueria Premium,RESTAURANTES,Vitória,54.92418241480107,PIX,DELIVERY,4.0
2025-03-25,Casa Escola De Idiomas Me,RESTAURANTES,Campinas,144.45887385524037,CARTÃO DE DÉBITO,DELIVERY,3.7
2025-09-21,Master Salão De Beleza Premium,BELEZA,Vitória,65.53567713619256,DINHEIRO,LOJA FÍSICA,4.7
2023-02-23,Real Barbearia Vip,BELEZA,Belo Horizonte,339.6361934531716,CARTÃO DE CRÉDITO,LOJA FÍSICA,4.9
2024-04-16,Casa Barbearia Mais,BELEZA,Vitória,55.05769045946829,CARTÃO DE CRÉDITO,LOJA FÍSICA,3.7
2025-09-18,Global Pinturas Ltda,CASA,Campinas,553.5773708522598,CARTÃO DE CRÉDITO,DELIVERY,3.8
2024-02-18,Casa Veterinária Ltda,PET,Niterói,858.6340998211634,PIX,LOJA FÍSICA,4.0
2026-03-20,Top Padaria Popular,RESTAURANTES,Brasília,188.80217974672547,PIX,LOJA FÍSICA,3.8
2026-01-10,Central Escritório De Arquitetura Ltda,CASA,Manaus,137.8000695841092,CARTÃO DE CRÉDITO,DELIVERY,4.3
2023-03-25,Master Farmácia Express,VAREJO,Curitiba,648.0251033067458,CARTÃO DE CRÉDITO,LOJA FÍSICA,4.6
2023-08-14,Bom Auto Peças Vip,AUTOMOTIVO,Recife,156.09470903804643,PIX,LOJA FÍSICA,3.9
2024-12-09,Alfa Academia Mais,SAUDE,Manaus,88.11659406736422,PIX,DELIVERY,5.0
2025-07-19,Global Banho & Tosa Vip,PET,Vitória,31.545646503335465,CARTÃO DE CRÉDITO,ONLINE,3.3
2025-06-01,Doce Farmácia Express,VAREJO,Porto Alegre,111.34902885634853,PIX,LOJA FÍSICA,2.9
2024-12-09,Casa Salão De Beleza Vip,BELEZA,Recife,126.0418171469837,CARTÃO DE DÉBITO,DELIVERY,5.0
2025-11-18,Ideal Veterinária Executivo,PET,Recife,58.49321819400801,PIX,ONLINE,3.6
2025-08-10,Bom Auto Peças Vip,AUTOMOTIVO,Recife,401.65768227923104,PIX,DELIVERY,3.1
2023-07-19,Doce Assessoria De Crédito Popular,SERVICOS,Manaus,487.0781964346661,PIX,LOJA FÍSICA,4.4
2024-11-22,Bom Academia Vip,SAUDE,Fortaleza,21.49626593549269,PIX,DELIVERY,4.9
2024-10-22,Global Pinturas Ltda,CASA,Campinas,92.9976114638962,CARTÃO DE CRÉDITO,LOJA FÍSICA,4.6
2024-02-05,Master Imobiliária Ltda,CASA,Fortaleza,112.27922810629846,CARTÃO DE DÉBITO,ONLINE,4.1
2023-03-24,Central Escritório De Arquitetura Ltda,CASA,Goiânia,156.2096519396581,PIX,LOJA FÍSICA,4.1
2025-01-01,Nova Clínica De Estética Mais,SAUDE,Manaus,169.42274261237074,CARTÃO DE CRÉDITO,ONLINE,3.7
2026-02-05,Master Auto Peças Premium,AUTOMOTIVO,Salvador,460.57335179340487,PIX,DELIVERY,3.6
2024-03-11,Casa Consultoria Financeira Mais,SERVICOS,Curitiba,332.67446113384443,CARTÃO DE CRÉDITO,DELIVERY,3.7
2025-11-14,Casa Desenvolvimento Web Executivo,TECNOLOGIA,Salvador,337.0260207289957,CARTÃO DE DÉBITO,LOJA FÍSICA,4.2
2023-07-23,Master Imobiliária Ltda,CASA,Fortaleza,149.44346116979634,BOLETO,ONLINE,3.4
2023-08-05,Master Studio De Sobrancelhas Mais,BELEZA,Goiânia,203.13069490422305,PIX,LOJA FÍSICA,4.2
2023-09-19,Real Pet Shop Mais,PET,Recife,104.3609957198356,PIX,LOJA FÍSICA,4.2
2024-05-02,Real Lava-Rápido Premium,AUTOMOTIVO,Campinas,399.8124224726169,BOLETO,DELIVERY,
2023-10-02,Global Banho & Tosa Vip,PET,Vitória,187.88045615734208,PIX,ONLINE,4.9
2025-06-17,Real Reforço Escolar Ltda,EDUCACAO,Rio de Janeiro,250.7319156147705,BOLETO,LOJA FÍSICA,4.5
2024-12-24,Bom Salão De Beleza Premium,BELEZA,Vitória,240.29448056887225,CARTÃO DE CRÉDITO,DELIVERY,3.5
2025-01-02,Real Hamburgueria Premium,RESTAURANTES,Vitória,101.4228897069514,PIX,ONLINE,3.5
2024-10-24,Prime Auto Peças Executivo,AUTOMOTIVO,Niterói,214.07914532819436,CARTÃO DE DÉBITO,ONLINE,4.0
2023-05-13,Master Consultoria De Ti Executivo,TECNOLOGIA,Curitiba,231.3481378722097,PIX,LOJA FÍSICA,4.3
2024-01-24,Nova Consultoria De Ti Express,TECNOLOGIA,Fortaleza,714.4362851663848,DINHEIRO,LOJA FÍSICA,5.0
2025-08-09,Ideal Veterinária Executivo,PET,Recife,585.2483633718886,DINHEIRO,DELIVERY,4.1
2025-10-22,Prime Imobiliária Ltda,CASA,Rio de Janeiro,127.04462979406549,BOLETO,LOJA FÍSICA,5.0
2026-05-10,Master Consultoria De Ti Executivo,TECNOLOGIA,Curitiba,101.41216811324432,CARTÃO DE DÉBITO,DELIVERY,4.3
2025-12-25,Casa Barbearia Mais,BELEZA,Vitória,164.36552297620665,BOLETO,LOJA FÍSICA,4.4
2025-07-10,Real Pet Shop Me,PET,Porto Alegre,126.97095131461064,CARTÃO DE DÉBITO,ONLINE,4.3
2025-07-12,Alfa Escritório De Arquitetura Mais,CASA,Rio de Janeiro,118.2242170832846,CARTÃO DE DÉBITO,LOJA FÍSICA,5.0
2024-04-11,Real Reforço Escolar Ltda,EDUCACAO,Rio de Janeiro,121.45285186977344,CARTÃO DE CRÉDITO,DELIVERY,3.8
2026-01-19,Top Boutique Popular,VAREJO,Rio de Janeiro,160.18867559733525,DINHEIRO,ONLINE,3.6
2025-04-20,Nova Boutique Mais,VAREJO,Brasília,94.62709508493256,PIX,LOJA FÍSICA,3.5
2024-08-10,Alfa Academia Mais,SAUDE,Manaus,184.5825091791057,PIX,LOJA FÍSICA,2.4
2026-01-26,Casa Escola De Idiomas Me,EDUCACAO,Salvador,71.68280649362298,CARTÃO DE CRÉDITO,LOJA FÍSICA,
2025-10-01,Prime Auto Peças Executivo,AUTOMOTIVO,Niterói,187.0826895439693,CARTÃO DE CRÉDITO,ONLINE,4.2
2024-03-18,Bom Salão De Beleza Premium,BELEZA,Vitória,81.62881264808598,CARTÃO DE DÉBITO,LOJA FÍSICA,2.9
2025-12-06,Ideal Restaurante Vip,RESTAURANTES,Brasília,398.03,DINHEIRO,LOJA FÍSICA,4.4
2023-09-14,Real Lava-Rápido Premium,AUTOMOTIVO,Campinas,141.12623297608334,PIX,ONLINE,4.3
2026-01-14,Top Imobiliária Mais,CASA,Goiânia,30.268912095743868,BOLETO,LOJA FÍSICA,4.1
2024-07-17,Bom Auto Peças Vip,AUTOMOTIVO,Recife,306.5222733674252,PIX,ONLINE,4.2
2024-08-22,Top Lava-Rápido Premium,AUTOMOTIVO,Curitiba,89.21732592495503,PIX,LOJA FÍSICA,3.4
2026-03-23,Ideal Imobiliária Express,CASA,Vitória,183.4345008003418,CARTÃO DE DÉBITO,DELIVERY,5.0
2023-10-14,Master Contabilidade Executivo,SERVICOS,São Paulo,38.13805184137887,PIX,LOJA FÍSICA,3.6
2025-04-04,Casa Salão De Beleza Vip,BELEZA,Recife,196.26886418057288,PIX,LOJA FÍSICA,4.5
2025-07-16,Master Imobiliária Ltda,CASA,Fortaleza,136.90656169523527,PIX,LOJA FÍSICA,3.9
2023-11-18,Central Escritório De Arquitetura Ltda,CASA,Manaus,163.84003589017766,CARTÃO DE CRÉDITO,LOJA FÍSICA,3.2
2023-06-08,Prime Auto Peças Executivo,AUTOMOTIVO,Niterói,471.5175545043393,CARTÃO DE CRÉDITO,LOJA FÍSICA,4.9
2023-05-14,Bom Contabilidade Me,SERVICOS,Florianópolis,114.70574438039117,PIX,LOJA FÍSICA,3.6
2025-07-09,Nova Clínica De Estética Mais,SAUDE,Manaus,194.7845404182793,DINHEIRO,ONLINE,3.9
2023-05-08,Ideal Imobiliária Express,CASA,Vitória,69.74519291596255,PIX,LOJA FÍSICA,4.6
2024-12-08,Bom Consultoria De Ti Express,TECNOLOGIA,Niterói,1343.5618236685616,BOLETO,DELIVERY,4.3
2023-09-12,Nova Boutique Mais,VAREJO,Brasília,683.8004250295053,CARTÃO DE CRÉDITO,DELIVERY,2.8
2025-10-17,Ideal Clínica De Estética Premium,SAUDE,Fortaleza,109.911973765986,PIX,LOJA FÍSICA,4.5
2023-05-18,Real Desenvolvimento Web Vip,TECNOLOGIA,Vitória,133.85657007605502,PIX,LOJA FÍSICA,4.4
2025-12-08,Global Desenvolvimento Web Executivo,TECNOLOGIA,Campinas,252.87778292835367,BOLETO,ONLINE,3.2
2024-08-06,Prime Pinturas Me,CASA,Vitória,72.54482446560041,CARTÃO DE CRÉDITO,ONLINE,4.2
2025-03-07,Ideal Academia Vip,SAUDE,Salvador,161.34546963986062,CARTÃO DE DÉBITO,LOJA FÍSICA,4.0
2024-10-08,Master Consultoria De Ti Executivo,TECNOLOGIA,Curitiba,23.994043561585883,PIX,ONLINE,3.4
2024-02-25,Real Salão De Beleza Vip,BELEZA,Vitória,42.696351677448256,PIX,DELIVERY,5.0
2023-05-15,Nova Consultoria De Ti Express,TECNOLOGIA,Fortaleza,44.970335106967866,CARTÃO DE CRÉDITO,LOJA FÍSICA,3.9
2025-12-27,Ideal Restaurante Vip,RESTAURANTES,Rio de Janeiro,74.41101305931225,CARTÃO DE DÉBITO,DELIVERY,4.5
2026-02-07,Alfa Academia Mais,SAUDE,Manaus,207.23350513627497,CARTÃO DE CRÉDITO,DELIVERY,4.3
2023-08-24,Prime Auto Peças Executivo,AUTOMOTIVO,Niterói,523.8317643818167,CARTÃO DE CRÉDITO,LOJA FÍSICA,5.0
2024-10-26,Real Salão De Beleza Vip,BELEZA,Vitória,255.57025973657588,CARTÃO DE DÉBITO,ONLINE,4.0
2026-05-19,Alfa Loja De Informática Vip,TECNOLOGIA,São Paulo,930.25,PIX,ONLINE,3.7
2023-12-03,Real Pet Shop Me,PET,Porto Alegre,94.81051730590411,PIX,DELIVERY,3.9
2024-07-27,Master Imobiliária Ltda,CASA,Fortaleza,810.6339598577425,PIX,DELIVERY,3.3
2023-12-09,Top Imobiliária Mais,CASA,Goiânia,195.1448812218264,CARTÃO DE CRÉDITO,LOJA FÍSICA,4.0
2023-06-15,Doce Assessoria De Crédito Popular,SERVICOS,Manaus,118.52864533505412,PIX,DELIVERY,3.4
2024-04-12,Doce Banho & Tosa Premium,PET,Porto Alegre,103.67711486755655,DINHEIRO,LOJA FÍSICA,4.8
2023-03-10,Alfa Restaurante Mais,RESTAURANTES,Recife,72.43195148296168,DINHEIRO,LOJA FÍSICA,4.8
2026-06-22,Top Imobiliária Mais,CASA,Goiânia,1037.9639929716966,PIX,ONLINE,4.5
2026-04-05,Nova Pinturas Premium,CASA,Recife,384.0380790713068,PIX,LOJA FÍSICA,3.7
2025-10-21,Doce Banho & Tosa Premium,PET,Brasília,179.85739037507994,CARTÃO DE CRÉDITO,LOJA FÍSICA,3.9
2025-01-27,Nova Boutique Mais,VAREJO,Brasília,201.28588115035367,PIX,LOJA FÍSICA,3.8
2025-10-21,Global Academia Ltda,SAUDE,Vitória,119.02749984873148,PIX,DELIVERY,4.2
2025-07-18,Central Salão De Beleza Popular,BELEZA,Brasília,165.1210734455442,DINHEIRO,ONLINE,3.0
2023-02-07,Alfa Hamburgueria Mais,RESTAURANTES,Campinas,134.81795813194216,PIX,LOJA FÍSICA,4.6
2025-06-26,Real Desenvolvimento Web Vip,TECNOLOGIA,Vitória,54.49459078572295,PIX,LOJA FÍSICA,4.1
2024-08-27,Nova Oficina Mecânica Express,AUTOMOTIVO,Vitória,80.9762610936103,PIX,DELIVERY,4.7
2023-06-24,Prime Veterinária Me,PET,Curitiba,247.58360528019108,CARTÃO DE CRÉDITO,LOJA FÍSICA,4.2
2023-11-07,Ideal Clínica De Estética Premium,SAUDE,Fortaleza,588.8659550636186,PIX,LOJA FÍSICA,4.5
2024-11-15,Central Escritório De Arquitetura Ltda,CASA,Manaus,114.38643861218073,PIX,LOJA FÍSICA,3.8
2024-12-11,Central Studio De Sobrancelhas Vip,BELEZA,Florianópolis,56.15665161566859,PIX,LOJA FÍSICA,3.9
2025-08-23,Global Escritório De Arquitetura Popular,CASA,Recife,182.4578313902788,PIX,ONLINE,4.7
2025-11-16,Master Academia Vip,SAUDE,Recife,233.7948763462057,CARTÃO DE CRÉDITO,LOJA FÍSICA,4.2
2023-10-27,Nova Banho & Tosa Ltda,PET,São Paulo,55.32260664214294,BOLETO,LOJA FÍSICA,4.1
2023-03-22,Alfa Loja De Informática Vip,TECNOLOGIA,São Paulo,58.27771709393088,CARTÃO DE CRÉDITO,LOJA FÍSICA,5.0
2026-03-05,Real Salão De Beleza Mais,BELEZA,Vitória,440.7515568462532,CARTÃO DE CRÉDITO,LOJA FÍSICA,4.1
2025-03-22,Alfa Academia Express,SAUDE,Manaus,599.5577911566968,PIX,LOJA FÍSICA,4.2
2024-11-16,Central Auto Peças Premium,AUTOMOTIVO,Campinas,60.45189624314618,CARTÃO DE DÉBITO,LOJA FÍSICA,5.0
2023-02-06,Prime Pinturas Me,CASA,Vitória,397.48482920707033,PIX,ONLINE,4.1
2024-03-22,Master Contabilidade Executivo,SERVICOS,São Paulo,812.9896999681513,PIX,LOJA FÍSICA,4.3
2026-01-27,Bom Consultoria De Ti Express,TECNOLOGIA,Niterói,244.09854114275225,CARTÃO DE DÉBITO,LOJA FÍSICA,3.3
2024-05-12,Real Salão De Beleza Mais,BELEZA,Vitória,668.0731156660188,PIX,LOJA FÍSICA,5.0
2023-12-19,Ideal Clínica De Estética Premium,SAUDE,Fortaleza,375.55253640883967,PIX,LOJA FÍSICA,4.8
2023-12-19,Prime Loja De Informática Popular,TECNOLOGIA,Vitória,72.60129246362929,CARTÃO DE CRÉDITO,DELIVERY,4.3
2024-07-04,Doce Banho & Tosa Premium,PET,Brasília,77.76700879812006,PIX,LOJA FÍSICA,4.1
2025-05-15,Master Imobiliária Ltda,CASA,Fortaleza,284.93650642068553,CARTÃO DE CRÉDITO,LOJA FÍSICA,4.0
2024-01-01,Bom Contabilidade Me,SERVICOS,Florianópolis,267.65594994452016,CARTÃO DE CRÉDITO,DELIVERY,
2024-08-09,Doce Banho & Tosa Premium,PET,Porto Alegre,40.91232180920579,PIX,DELIVERY,4.0
2026-01-16,Top Escola De Idiomas Vip,EDUCACAO,São Paulo,132.5977001780916,PIX,LOJA FÍSICA,4.1
2024-10-18,Real Lava-Rápido Premium,AUTOMOTIVO,Campinas,269.68922130916985,PIX,ONLINE,4.6
2026-02-15,Ideal Clínica De Estética Premium,SAUDE,Fortaleza,206.58163371512688,CARTÃO DE DÉBITO,ONLINE,3.8
2024-10-15,Real Salão De Beleza Vip,BELEZA,Vitória,330.1513760243142,CARTÃO DE DÉBITO,LOJA FÍSICA,4.5
2024-07-16,Real Pinturas Me,CASA,Goiânia,59.47,PIX,DELIVERY,4.9
2024-08-04,Top Escola De Idiomas Vip,EDUCACAO,São Paulo,178.3190014915991,CARTÃO DE DÉBITO,DELIVERY,4.0
2024-01-07,Casa Veterinária Executivo,PET,Campinas,233.42348349205068,CARTÃO DE CRÉDITO,DELIVERY,4.9
2024-09-02,Prime Imobiliária Ltda,CASA,Rio de Janeiro,101.32460941043615,PIX,DELIVERY,3.9
2024-06-08,Ideal Oficina Mecânica Vip,AUTOMOTIVO,Goiânia,115.95234299507764,CARTÃO DE CRÉDITO,LOJA FÍSICA,4.7
2023-08-13,Nova Pinturas Premium,CASA,Recife,2543.5187487100125,PIX,ONLINE,3.1
2023-08-01,Ideal Oficina Mecânica Vip,AUTOMOTIVO,Goiânia,247.09800777064103,DINHEIRO,DELIVERY,3.7
2024-03-04,Alfa Loja De Informática Ltda,TECNOLOGIA,Brasília,131.92028375282015,DINHEIRO,ONLINE,3.7
2024-08-18,Casa Studio De Pilates Express,SAUDE,Campinas,123.97927476053005,CARTÃO DE CRÉDITO,DELIVERY,3.7
2025-01-05,Top Escola De Idiomas Vip,EDUCACAO,São Paulo,111.69255061015892,PIX,DELIVERY,3.7
2025-05-09,Top Boutique Popular,VAREJO,Rio de Janeiro,438.5060445675313,PIX,DELIVERY,5.0
2025-05-23,Prime Auto Peças Executivo,AUTOMOTIVO,Niterói,117.65042072610365,DINHEIRO,DELIVERY,4.7
2023-05-21,Real Pet Shop Mais,PET,Recife,102.68638802393676,DINHEIRO,ONLINE,4.7
2024-10-15,Alfa Loja De Informática Vip,TECNOLOGIA,São Paulo,198.03205271384925,CARTÃO DE DÉBITO,DELIVERY,4.4
2023-05-26,Casa Studio De Pilates Express,SAUDE,Campinas,253.17319334540213,PIX,LOJA FÍSICA,4.6
2026-06-20,Casa Barbearia Mais,BELEZA,Vitória,216.90774201460636,PIX,DELIVERY,3.2
2024-06-21,Global Academia Ltda,SAUDE,Vitória,244.6274864124649,PIX,ONLINE,4.8
2024-06-12,Ideal Restaurante Vip,RESTAURANTES,Brasília,93.3572131714044,PIX,LOJA FÍSICA,3.8
2025-01-27,Alfa Hamburgueria Mais,RESTAURANTES,Campinas,186.09834151191083,PIX,DELIVERY,3.9
2024-09-14,Nova Lava-Rápido Express,AUTOMOTIVO,Brasília,176.29351918183116,DINHEIRO,LOJA FÍSICA,3.4
2025-07-24,Alfa Loja De Informática Vip,TECNOLOGIA,São Paulo,222.6370362808968,CARTÃO DE DÉBITO,LOJA FÍSICA,5.0
2024-09-21,Top Escola De Idiomas Vip,EDUCACAO,São Paulo,80.41088130867168,PIX,LOJA FÍSICA,2.6
2025-01-27,Casa Consultoria De Ti Vip,TECNOLOGIA,Florianópolis,358.811482851467,PIX,LOJA FÍSICA,3.6
2023-12-19,Global Escritório De Arquitetura Popular,CASA,Recife,40.38410334799235,DINHEIRO,LOJA FÍSICA,3.6
2024-01-20,Alfa Academia Mais,SAUDE,Manaus,133.22369771648798,PIX,LOJA FÍSICA,4.0
2025-05-22,Real Pet Shop Me,PET,Porto Alegre,94.90516204634774,CARTÃO DE CRÉDITO,DELIVERY,3.8
2024-01-26,Doce Banho & Tosa Premium,PET,Porto Alegre,148.64144122157015,BOLETO,LOJA FÍSICA,3.5
2023-11-26,Prime Pinturas Me,CASA,Vitória,575.0875193683672,CARTÃO DE DÉBITO,LOJA FÍSICA,4.8
2023-12-25,Real Barbearia Vip,BELEZA,Belo Horizonte,197.22196241362207,PIX,ONLINE,3.7
2025-10-22,Prime Imobiliária Ltda,CASA,Rio de Janeiro,113.712958353011,PIX,LOJA FÍSICA,4.3
2024-11-04,Real Banho & Tosa Premium,PET,Salvador,603.3313608674835,CARTÃO DE DÉBITO,ONLINE,5.0
2026-01-23,Master Farmácia Express,VAREJO,Curitiba,56.12659658609222,CARTÃO DE CRÉDITO,DELIVERY,4.1
2023-12-02,Alfa Studio De Pilates Mais,SAUDE,Rio de Janeiro,85.59195360976507,CARTÃO DE CRÉDITO,LOJA FÍSICA,4.2
2026-04-18,Bom Boutique Ltda,VAREJO,Salvador,137.39660868057578,PIX,LOJA FÍSICA,4.2
2024-03-27,Alfa Loja De Informática Ltda,TECNOLOGIA,Brasília,264.761625678768,CARTÃO DE DÉBITO,LOJA FÍSICA,3.9
2023-08-21,Ideal Studio De Sobrancelhas Premium,BELEZA,Porto Alegre,41.76455003267176,CARTÃO DE CRÉDITO,LOJA FÍSICA,4.2
2024-07-21,Master Imobiliária Ltda,CASA,Fortaleza,122.6810447706744,CARTÃO DE CRÉDITO,DELIVERY,3.2
2023-03-08,Global Pinturas Ltda,CASA,Campinas,272.6871681025572,PIX,LOJA FÍSICA,5.0
2025-12-13,Real Studio De Pilates Executivo,SAUDE,Fortaleza,237.01434523406255,DINHEIRO,LOJA FÍSICA,5.0
2023-06-15,Master Imobiliária Ltda,CASA,Fortaleza,138.63267835735516,CARTÃO DE DÉBITO,LOJA FÍSICA,4.0
2024-12-25,Prime Sushi Ltda,RESTAURANTES,Niterói,30.285548574680632,CARTÃO DE DÉBITO,ONLINE,3.8
2025-12-16,Doce Pinturas Me,CASA,São Paulo,75.6006152982535,CARTÃO DE CRÉDITO,LOJA FÍSICA,3.8
2025-03-05,Real Studio De Pilates Executivo,SAUDE,Fortaleza,330.9012030384763,PIX,ONLINE,4.0
2025-07-27,Top Padaria Popular,RESTAURANTES,Brasília,406.70902676083927,PIX,LOJA FÍSICA,3.9
2024-02-10,Bom Salão De Beleza Premium,BELEZA,Vitória,128.26312999745252,CARTÃO DE CRÉDITO,ONLINE,3.6
2023-12-24,Ideal Academia Me,SAUDE,São Paulo,306.0,PIX,LOJA FÍSICA,2.8
2025-07-27,Casa Consultoria De Ti Vip,TECNOLOGIA,Florianópolis,92.68389548763662,CARTÃO DE CRÉDITO,LOJA FÍSICA,4.0
2025-08-15,Master Academia Vip,SAUDE,Recife,12.438902009664876,PIX,ONLINE,4.5
2025-05-27,Bom Salão De Beleza Premium,BELEZA,Vitória,52.567619398510345,CARTÃO DE CRÉDITO,ONLINE,4.5
2024-12-06,Casa Studio De Pilates Express,SAUDE,Campinas,265.77747185511123,CARTÃO DE DÉBITO,LOJA FÍSICA,2.9
2023-12-08,Casa Veterinária Ltda,PET,Niterói,115.81374137125792,CARTÃO DE DÉBITO,LOJA FÍSICA,3.7
2024-05-05,Prime Sushi Ltda,RESTAURANTES,Niterói,76.71484521117242,CARTÃO DE CRÉDITO,LOJA FÍSICA,4.6
2026-05-04,Central Salão De Beleza Popular,BELEZA,Brasília,100.8690069513286,CARTÃO DE CRÉDITO,LOJA FÍSICA,3.2
2024-10-20,Global Academia Ltda,SAUDE,Vitória,295.5538099858782,PIX,DELIVERY,4.2
2024-01-10,Top Auto Peças Me,AUTOMOTIVO,Florianópolis,48.878145254572,PIX,ONLINE,4.3
2023-02-01,Master Studio De Sobrancelhas Mais,BELEZA,Goiânia,171.24923378033287,PIX,LOJA FÍSICA,4.6
2024-09-08,Casa Consultoria De Ti Premium,TECNOLOGIA,Manaus,78.53277181183925,PIX,LOJA FÍSICA,4.1
2026-06-08,Master Imobiliária Ltda,CASA,Fortaleza,379.4798075542964,PIX,LOJA FÍSICA,4.1
2023-02-23,Bom Consultoria De Ti Express,TECNOLOGIA,Niterói,609.7872105891104,CARTÃO DE DÉBITO,DELIVERY,4.6
2024-08-08,Alfa Loja De Informática Vip,TECNOLOGIA,São Paulo,479.7064569216881,CARTÃO DE DÉBITO,ONLINE,5.0
2024-01-21,Casa Consultoria De Ti Premium,TECNOLOGIA,Manaus,111.57,PIX,LOJA FÍSICA,3.6
2025-04-18,Casa Veterinária Executivo,PET,Campinas,324.5959323589786,CARTÃO DE DÉBITO,LOJA FÍSICA,4.1
2025-12-08,Master Farmácia Express,VAREJO,Curitiba,65.36329734656171,BOLETO,DELIVERY,4.1
2024-10-06,Top Barbearia Vip,BELEZA,Manaus,221.45330971800155,CARTÃO DE CRÉDITO,LOJA FÍSICA,4.6
2025-12-12,Central Academia Me,SAUDE,Vitória,402.35643422516927,BOLETO,ONLINE,3.2
2024-12-08,Top Escola De Idiomas Vip,EDUCACAO,São Paulo,180.9242033466032,PIX,ONLINE,3.3
2023-11-17,Global Pizzaria Premium,RESTAURANTES,Curitiba,432.9756650380604,PIX,LOJA FÍSICA,4.6
2024-10-20,Ideal Oficina Mecânica Vip,AUTOMOTIVO,Goiânia,186.50809290492245,CARTÃO DE CRÉDITO,LOJA FÍSICA,5.0
2025-01-16,Prime Auto Peças Executivo,AUTOMOTIVO,Niterói,266.1538883123429,PIX,LOJA FÍSICA,4.6
2023-02-24,Master Oficina Mecânica Vip,AUTOMOTIVO,Vitória,280.3529256217504,CARTÃO DE CRÉDITO,LOJA FÍSICA,4.3
2024-06-15,Ideal Contabilidade Premium,SERVICOS,Curitiba,241.0299223832369,PIX,ONLINE,4.0
2023-11-18,Bom Consultoria De Ti Express,TECNOLOGIA,Niterói,122.0431654161167,PIX,LOJA FÍSICA,4.5
2024-10-20,Nova Loja De Informática Vip,TECNOLOGIA,Fortaleza,55.8811169337446,PIX,LOJA FÍSICA,5.0
2024-01-02,Real Pet Shop Mais,PET,Recife,124.77872413139312,PIX,ONLINE,4.2
2025-08-03,Casa Salão De Beleza Vip,BELEZA,Recife,140.71545704436386,PIX,LOJA FÍSICA,4.1
2023-08-15,Top Escola De Idiomas Vip,EDUCACAO,São Paulo,76.4932848323996,CARTÃO DE DÉBITO,ONLINE,3.7
2024-11-14,Ideal Desenvolvimento Web Popular,TECNOLOGIA,Florianópolis,124.52098301741594,PIX,DELIVERY,3.4
2023-09-20,Global Academia Ltda,SAUDE,Florianópolis,119.87817788426617,PIX,ONLINE,4.1
2024-01-27,Bom Salão De Beleza Premium,BELEZA,Vitória,59.32282920625621,CARTÃO DE DÉBITO,LOJA FÍSICA,3.8
2025-04-14,Bom Desenvolvimento Web Ltda,TECNOLOGIA,São Paulo,50.10900239939873,CARTÃO DE CRÉDITO,LOJA FÍSICA,4.2
2024-08-12,Alfa Restaurante Mais,RESTAURANTES,Recife,74.69043445743894,PIX,ONLINE,3.6
2023-12-07,Nova Clínica De Estética Mais,SAUDE,Manaus,86.93874886829622,CARTÃO DE CRÉDITO,ONLINE,4.1
2025-04-11,Ideal Studio De Sobrancelhas Premium,BELEZA,Porto Alegre,36.38740530630624,PIX,LOJA FÍSICA,4.0
2024-04-04,Top Boutique Popular,VAREJO,Rio de Janeiro,131.84494290509474,CARTÃO DE DÉBITO,ONLINE,4.3
2026-05-16,Doce Banho & Tosa Premium,PET,Brasília,51.28532260171175,CARTÃO DE CRÉDITO,ONLINE,5.0
2025-09-10,Nova Pinturas Premium,CASA,Recife,474.74561989772087,PIX,LOJA FÍSICA,4.4
2024-12-22,Global Desenvolvimento Web Executivo,TECNOLOGIA,Campinas,609.5501309985079,DINHEIRO,LOJA FÍSICA,4.0
2025-03-16,Casa Consultoria De Ti Vip,TECNOLOGIA,Florianópolis,308.94496310037755,CARTÃO DE CRÉDITO,DELIVERY,4.4
2026-02-21,Real Studio De Pilates Executivo,SAUDE,Fortaleza,125.28740808705464,CARTÃO DE CRÉDITO,LOJA FÍSICA,4.5
2023-02-22,Top Boutique Popular,VAREJO,Rio de Janeiro,102.2717240267814,CARTÃO DE CRÉDITO,LOJA FÍSICA,5.0
2024-04-23,Real Reforço Escolar Ltda,EDUCACAO,Rio de Janeiro,340.9775632363741,CARTÃO DE CRÉDITO,LOJA FÍSICA,4.6
2025-03-07,Alfa Restaurante Mais,RESTAURANTES,Recife,38.193512697145,PIX,LOJA FÍSICA,3.5
2024-11-09,Bom Salão De Beleza Premium,BELEZA,Vitória,348.9938474330376,PIX,LOJA FÍSICA,4.1
2024-02-17,Casa Consultoria Financeira Mais,SERVICOS,Curitiba,153.12740673510345,CARTÃO DE DÉBITO,LOJA FÍSICA,4.9
2025-04-10,Global Padaria Express,RESTAURANTES,São Paulo,304.5857000312449,DINHEIRO,DELIVERY,
2023-10-14,Doce Farmácia Express,VAREJO,Porto Alegre,70.05130170354505,CARTÃO DE CRÉDITO,LOJA FÍSICA,2.5
2024-12-16,Real Lava-Rápido Vip,AUTOMOTIVO,Goiânia,112.26379717228198,DINHEIRO,ONLINE,4.5
2025-08-19,Nova Lava-Rápido Express,AUTOMOTIVO,Brasília,58.537680674565976,CARTÃO DE CRÉDITO,LOJA FÍSICA,4.7
2026-04-13,Master Consultoria De Ti Executivo,TECNOLOGIA,Curitiba,53.026373535321135,PIX,ONLINE,4.4
2026-02-13,Central Studio De Sobrancelhas Vip,BELEZA,Florianópolis,99.7244963055472,PIX,LOJA FÍSICA,4.8
2026-03-11,Alfa Hamburgueria Mais,RESTAURANTES,Campinas,123.78149854495392,PIX,LOJA FÍSICA,4.5
2023-07-08,Casa Barbearia Mais,BELEZA,Vitória,154.4043195224659,PIX,DELIVERY,3.7
2026-06-02,Top Boutique Popular,VAREJO,Rio de Janeiro,160.14750113884912,PIX,LOJA FÍSICA,4.0
2023-04-02,Prime Auto Peças Executivo,AUTOMOTIVO,Niterói,448.8137147118015,PIX,LOJA FÍSICA,3.8
2025-02-21,Casa Barbearia Mais,BELEZA,Vitória,840.1210132796867,BOLETO,DELIVERY,3.0
2026-02-22,Master Oficina Mecânica Vip,AUTOMOTIVO,Vitória,112.02467873335864,PIX,ONLINE,4.4
2023-10-19,Casa Consultoria De Ti Vip,TECNOLOGIA,Florianópolis,649.8235856398935,PIX,LOJA FÍSICA,3.6
2024-08-21,Ideal Clínica De Estética Premium,SAUDE,Fortaleza,70.1614684176333,CARTÃO DE CRÉDITO,ONLINE,4.0
2024-11-03,Alfa Restaurante Mais,RESTAURANTES,Recife,86.83321792799012,DINHEIRO,LOJA FÍSICA,4.0
2023-02-21,Nova Lava-Rápido Express,AUTOMOTIVO,Brasília,510.5147087412238,BOLETO,LOJA FÍSICA,3.3
2024-12-22,Master Salão De Beleza Premium,BELEZA,Vitória,83.40521222556926,CARTÃO DE CRÉDITO,DELIVERY,3.9
2024-09-04,Top Padaria Popular,RESTAURANTES,Brasília,534.0790788283817,CARTÃO DE CRÉDITO,LOJA FÍSICA,4.2
2025-11-11,Central Pinturas Premium,CASA,Recife,110.22784207128598,PIX,DELIVERY,4.8
2023-05-27,Real Salão De Beleza Vip,BELEZA,Vitória,216.45268355891287,CARTÃO DE CRÉDITO,LOJA FÍSICA,3.5
2024-02-16,Nova Pinturas Premium,CASA,Recife,148.800143125204,PIX,LOJA FÍSICA,4.8
2024-07-02,Bom Consultoria De Ti Express,TECNOLOGIA,Niterói,71.5054160426939,PIX,LOJA FÍSICA,4.3
2026-04-11,Casa Barbearia Mais,BELEZA,Vitória,397.3041871313658,PIX,LOJA FÍSICA,3.7
2024-02-16,Bom Salão De Beleza Premium,BELEZA,Vitória,114.53500088320556,CARTÃO DE CRÉDITO,LOJA FÍSICA,4.4
2024-03-15,Ideal Restaurante Vip,RESTAURANTES,Rio de Janeiro,180.14632579412552,PIX,LOJA FÍSICA,4.9
2026-06-23,Doce Farmácia Express,VAREJO,Porto Alegre,56.26372228786316,BOLETO,LOJA FÍSICA,4.6
2025-01-05,Nova Banho & Tosa Ltda,PET,São Paulo,44.64601856961858,PIX,LOJA FÍSICA,4.2
2024-12-19,Global Banho & Tosa Vip,PET,Vitória,98.10323749432288,CARTÃO DE CRÉDITO,LOJA FÍSICA,4.6
2024-05-18,Real Pet Shop Me,PET,Porto Alegre,105.27067428154749,CARTÃO DE CRÉDITO,LOJA FÍSICA,3.3
2025-08-09,Casa Escola De Idiomas Me,EDUCACAO,Salvador,580.3572753861735,DINHEIRO,DELIVERY,3.4
2025-01-04,Master Studio De Sobrancelhas Mais,BELEZA,Goiânia,321.9220119631337,CARTÃO DE DÉBITO,LOJA FÍSICA,3.6
2026-03-04,Real Lava-Rápido Premium,AUTOMOTIVO,Campinas,410.41045424078567,BOLETO,LOJA FÍSICA,5.0
2023-06-11,Alfa Loja De Informática Ltda,TECNOLOGIA,Brasília,123.9738658698535,PIX,ONLINE,2.6
2024-11-16,Casa Barbearia Mais,BELEZA,Vitória,511.33,PIX,LOJA FÍSICA,3.3
2025-06-05,Prime Padaria Executivo,RESTAURANTES,Recife,72.03285694231391,DINHEIRO,LOJA FÍSICA,4.8
2025-04-21,Global Academia Ltda,SAUDE,Vitória,334.2551344415573,PIX,LOJA FÍSICA,4.9
2024-08-03,Master Imobiliária Ltda,CASA,Fortaleza,543.2245970303535,CARTÃO DE CRÉDITO,LOJA FÍSICA,4.1
2026-05-15,Global Desenvolvimento Web Executivo,TECNOLOGIA,Campinas,117.65650975449392,CARTÃO DE CRÉDITO,DELIVERY,4.6
2023-08-19,Global Padaria Express,RESTAURANTES,São Paulo,61.56587890705549,PIX,ONLINE,4.5
2025-01-17,Ideal Escritório De Arquitetura Vip,CASA,São Paulo,369.9022747376932,PIX,LOJA FÍSICA,4.1
2025-01-03,Casa Consultoria De Ti Vip,TECNOLOGIA,Florianópolis,94.9244524137181,PIX,LOJA FÍSICA,3.0
2025-10-04,Alfa Academia Mais,SAUDE,Manaus,191.1403330853912,PIX,LOJA FÍSICA,4.7
2025-12-09,Prime Sushi Ltda,RESTAURANTES,Niterói,116.03047947710223,CARTÃO DE DÉBITO,DELIVERY,2.6
2025-04-20,Nova Oficina Mecânica Express,AUTOMOTIVO,Vitória,77.41166609164674,CARTÃO DE DÉBITO,LOJA FÍSICA,3.0
2025-03-19,Bom Desenvolvimento Web Ltda,TECNOLOGIA,São Paulo,140.9849047646919,CARTÃO DE CRÉDITO,ONLINE,2.8
2024-04-22,Top Barbearia Vip,BELEZA,Manaus,132.09813477018426,PIX,LOJA FÍSICA,5.0
2025-04-26,Master Imobiliária Ltda,CASA,Fortaleza,341.4834556084439,PIX,LOJA FÍSICA,4.3
2026-01-02,Nova Clínica De Estética Mais,SAUDE,Manaus,74.98267845314939,PIX,DELIVERY,4.0
2025-05-07,Prime Auto Peças Executivo,AUTOMOTIVO,Niterói,103.96899709705306,PIX,ONLINE,3.6
2026-06-18,Prime Pinturas Me,CASA,Vitória,344.85427167272775,DINHEIRO,LOJA FÍSICA,
2026-03-04,Nova Lava-Rápido Express,AUTOMOTIVO,Brasília,259.5574938835864,CARTÃO DE CRÉDITO,DELIVERY,4.1
2026-06-17,Alfa Hamburgueria Mais,RESTAURANTES,Campinas,139.24889437178643,PIX,LOJA FÍSICA,3.6
2023-06-03,Casa Escola De Idiomas Me,EDUCACAO,Salvador,185.01449278173624,CARTÃO DE DÉBITO,ONLINE,4.2
2025-06-07,Central Studio De Sobrancelhas Vip,BELEZA,Florianópolis,241.82497754731784,PIX,LOJA FÍSICA,3.8
2026-05-10,Casa Barbearia Mais,BELEZA,Vitória,99.05468519040038,PIX,ONLINE,3.7
2024-01-27,Real Pet Shop Mais,PET,Recife,189.6480449407228,BOLETO,DELIVERY,4.8
2023-12-15,Real Studio De Pilates Executivo,SAUDE,Fortaleza,572.513712355083,PIX,LOJA FÍSICA,3.9
2024-10-03,Bom Desenvolvimento Web Mais,TECNOLOGIA,Vitória,88.95906356328182,CARTÃO DE CRÉDITO,DELIVERY,4.3
2024-10-19,Real Pet Shop Me,PET,Porto Alegre,120.22574480871675,PIX,LOJA FÍSICA,4.1
2025-02-08,Ideal Studio De Sobrancelhas Premium,BELEZA,Porto Alegre,108.8098480610374,DINHEIRO,ONLINE,3.3
2023-06-16,Global Academia Ltda,SAUDE,Florianópolis,256.8172302528368,PIX,LOJA FÍSICA,5.0
2024-06-26,Real Studio De Pilates Executivo,SAUDE,Fortaleza,163.81583054884055,DINHEIRO,DELIVERY,3.2
2023-07-09,Bom Boutique Ltda,VAREJO,Salvador,121.89563099265406,PIX,ONLINE,5.0
2025-07-26,Casa Consultoria De Ti Premium,TECNOLOGIA,Manaus,132.21788218872425,CARTÃO DE CRÉDITO,LOJA FÍSICA,5.0
2025-09-26,Real Salão De Beleza Vip,BELEZA,Vitória,285.21889388865725,CARTÃO DE CRÉDITO,DELIVERY,3.8
2024-05-23,Real Salão De Beleza Vip,BELEZA,Vitória,403.0213055529056,DINHEIRO,DELIVERY,4.3
2024-12-06,Global Academia Ltda,SAUDE,Florianópolis,158.7631581502912,CARTÃO DE DÉBITO,LOJA FÍSICA,5.0
2023-06-24,Ideal Imobiliária Express,CASA,Vitória,183.1159058688882,PIX,DELIVERY,4.4
2025-02-22,Doce Banho & Tosa Premium,PET,Brasília,382.3407245946358,PIX,DELIVERY,4.5
2026-02-13,Ideal Studio De Sobrancelhas Premium,BELEZA,Porto Alegre,487.6631194925032,CARTÃO DE CRÉDITO,ONLINE,4.8
2023-02-16,Master Imobiliária Ltda,CASA,Fortaleza,389.7370771463925,CARTÃO DE DÉBITO,DELIVERY,4.2
2024-01-23,Global Pizzaria Premium,RESTAURANTES,Curitiba,74.0714692014213,CARTÃO DE DÉBITO,ONLINE,5.0
2023-12-17,Real Salão De Beleza Mais,BELEZA,Vitória,400.92914126742994,CARTÃO DE CRÉDITO,LOJA FÍSICA,4.4
2024-10-26,Casa Veterinária Ltda,PET,Niterói,172.5763491403397,PIX,LOJA FÍSICA,5.0
2024-12-01,Casa Escola De Idiomas Me,EDUCACAO,Salvador,198.57588082914887,CARTÃO DE CRÉDITO,ONLINE,2.9
2024-02-17,Doce Farmácia Express,VAREJO,Porto Alegre,42.79131002410382,PIX,ONLINE,3.2
2026-06-21,Doce Banho & Tosa Premium,PET,Porto Alegre,319.9351554366371,PIX,LOJA FÍSICA,4.1
2024-07-10,Bom Auto Peças Vip,AUTOMOTIVO,Recife,65.10604560321416,CARTÃO DE DÉBITO,LOJA FÍSICA,3.1
2024-08-03,Bom Auto Peças Vip,AUTOMOTIVO,Recife,187.3815306732468,PIX,ONLINE,3.6
2024-02-27,Ideal Oficina Mecânica Vip,AUTOMOTIVO,Goiânia,606.9859196651231,BOLETO,LOJA FÍSICA,4.6
2023-10-26,Master Oficina Mecânica Vip,AUTOMOTIVO,Vitória,344.3504634221661,CARTÃO DE DÉBITO,LOJA FÍSICA,
2024-02-18,Casa Salão De Beleza Vip,BELEZA,Recife,152.2622882340069,PIX,DELIVERY,4.2
2023-12-09,Master Auto Peças Premium,AUTOMOTIVO,Salvador,60.75831040167439,BOLETO,DELIVERY,4.4
2025-07-05,Global Pizzaria Mais,RESTAURANTES,Recife,137.32579234556923,CARTÃO DE DÉBITO,LOJA FÍSICA,3.9
2024-12-07,Casa Veterinária Executivo,PET,Campinas,571.3696648801657,PIX,LOJA FÍSICA,4.2
2025-10-24,Alfa Studio De Pilates Mais,SAUDE,Rio de Janeiro,30.65,CARTÃO DE CRÉDITO,LOJA FÍSICA,4.3
2025-08-02,Real Studio De Pilates Executivo,SAUDE,Fortaleza,120.69876897616976,PIX,ONLINE,3.4
2023-08-17,Ideal Contabilidade Premium,SERVICOS,Curitiba,211.45247884178585,PIX,ONLINE,3.1
2025-02-16,Master Oficina Mecânica Vip,AUTOMOTIVO,Vitória,119.08145707410496,DINHEIRO,DELIVERY,
2025-07-01,Bom Auto Peças Vip,AUTOMOTIVO,Recife,282.0124956953017,PIX,ONLINE,4.7
2024-01-06,Real Academia Mais,SAUDE,Goiânia,463.7807858791981,CARTÃO DE DÉBITO,DELIVERY,3.6
2023-06-07,Nova Banho & Tosa Ltda,PET,São Paulo,92.0013845169024,PIX,LOJA FÍSICA,3.5
2025-02-16,Real Salão De Beleza Mais,BELEZA,Vitória,280.2211750808172,CARTÃO DE DÉBITO,LOJA FÍSICA,4.0
2025-02-20,Top Lava-Rápido Premium,AUTOMOTIVO,Curitiba,118.60203485104748,PIX,LOJA FÍSICA,4.0
2024-03-03,Master Imobiliária Ltda,CASA,Fortaleza,256.8378722779458,PIX,DELIVERY,3.9
2025-06-07,Alfa Hamburgueria Mais,RESTAURANTES,Campinas,205.89803632179297,BOLETO,LOJA FÍSICA,5.0
2024-06-10,Real Lava-Rápido Premium,AUTOMOTIVO,Campinas,154.06689959097434,CARTÃO DE CRÉDITO,ONLINE,5.0
2024-11-24,Top Padaria Popular,RESTAURANTES,Brasília,133.84907584703132,PIX,LOJA FÍSICA,4.1
2024-08-27,Global Pinturas Ltda,CASA,Campinas,79.33667910336658,PIX,LOJA FÍSICA,5.0
2023-11-17,Master Consultoria De Ti Executivo,TECNOLOGIA,Curitiba,67.59042247170363,DINHEIRO,LOJA FÍSICA,4.3
2024-03-08,Ideal Clínica De Estética Premium,SAUDE,Fortaleza,91.6088312459162,CARTÃO DE CRÉDITO,DELIVERY,5.0
2024-10-13,Bom Desenvolvimento Web Mais,TECNOLOGIA,Vitória,203.0193020547769,CARTÃO DE DÉBITO,DELIVERY,
2026-06-09,Bom Boutique Ltda,VAREJO,Salvador,61.96278533184914,CARTÃO DE CRÉDITO,LOJA FÍSICA,4.3
2024-03-06,Nova Loja De Informática Vip,TECNOLOGIA,Fortaleza,30.610912363697004,PIX,LOJA FÍSICA,3.7
2023-08-15,Global Pizzaria Mais,RESTAURANTES,Recife,719.1815695113764,PIX,ONLINE,3.1
2023-03-24,Nova Banho & Tosa Executivo,PET,Manaus,236.72055605188612,DINHEIRO,LOJA FÍSICA,3.3
2023-07-11,Prime Loja De Informática Popular,TECNOLOGIA,Vitória,238.87231780905952,PIX,ONLINE,3.6
2023-12-05,Alfa Loja De Informática Vip,TECNOLOGIA,São Paulo,183.8526027899847,PIX,LOJA FÍSICA,4.0
2023-02-03,Ideal Academia Vip,SAUDE,Salvador,144.21871455820366,PIX,DELIVERY,4.4
2025-02-17,Casa Consultoria De Ti Vip,TECNOLOGIA,Florianópolis,237.51094374112444,BOLETO,LOJA FÍSICA,4.4
2024-03-10,Ideal Clínica De Estética Premium,SAUDE,Fortaleza,116.83126583184271,PIX,DELIVERY,4.4
2025-06-24,Nova Banho & Tosa Executivo,PET,Manaus,420.4576963420499,BOLETO,LOJA FÍSICA,3.2
2023-12-04,Top Escola De Idiomas Vip,EDUCACAO,São Paulo,119.49390340068815,PIX,LOJA FÍSICA,2.7
2025-04-20,Prime Padaria Executivo,RESTAURANTES,Recife,379.4468820904586,CARTÃO DE CRÉDITO,DELIVERY,5.0
2023-11-11,Alfa Escritório De Arquitetura Mais,CASA,Rio de Janeiro,35.6989337742008,PIX,DELIVERY,4.4
2024-01-11,Casa Escola De Idiomas Me,EDUCACAO,Salvador,173.38786158693952,CARTÃO DE CRÉDITO,LOJA FÍSICA,
2023-08-04,Alfa Loja De Informática Vip,TECNOLOGIA,São Paulo,222.6197969258648,DINHEIRO,LOJA FÍSICA,4.3
2025-10-27,Nova Banho & Tosa Executivo,PET,Manaus,183.57807689396208,CARTÃO DE CRÉDITO,LOJA FÍSICA,3.7
2025-11-26,Real Studio De Pilates Executivo,SAUDE,Fortaleza,102.17497971536042,CARTÃO DE DÉBITO,LOJA FÍSICA,3.4
2026-05-20,Master Salão De Beleza Premium,BELEZA,Vitória,122.77552466247782,CARTÃO DE DÉBITO,LOJA FÍSICA,5.0
2025-10-20,Real Barbearia Vip,BELEZA,Belo Horizonte,115.52685055695986,DINHEIRO,DELIVERY,3.5
